{
	"info": {
		"_postman_id": "ff89dc8b-0fca-4d60-ad3c-dc895857e4be",
		"name": "PracticaSOB",
		"schema": "https://schema.getpostman.com/json/collection/v2.1.0/collection.json",
		"_exporter_id": "50255626",
		"_collection_link": "https://pauplanasr-3945666.postman.co/workspace/Pau-Planas's-Workspace~e12362c4-3f8a-4e50-898f-5a0dfceeb5ba/collection/50255626-ff89dc8b-0fca-4d60-ad3c-dc895857e4be?action=share&source=collection_link&creator=50255626"
	},
	"item": [
		{
			"name": "GET clients id",
			"event": [
				{
					"listen": "test",
					"script": {
						"exec": [
							"// 1. Codi de retornt esperat\r",
							"pm.test(\"Codi del estat es 200 OK\", function () {\r",
							"    pm.response.to.have.status(200);\r",
							"});\r",
							"\r",
							"// 2. Parse per poder analitzar\r",
							"var jsonData = pm.response.json();\r",
							"\r",
							"// 3. Comprobar que contrasenya no apareix\r",
							"pm.test(\"contrasenya oculta \", function () {\r",
							"    pm.expect(jsonData).to.not.have.property(\"contrasenya\");\r",
							"});\r",
							"\r",
							"// 4. Comprobar que el ID demanat es el mateix que el retornat\r",
							"pm.test(\"Id demanat coincideix amb id retornat\", function () {\r",
							"    // URL de la solicitud\r",
							"    var pathSegments = pm.request.url.path;\r",
							"    // Obtenim el id de la URL\r",
							"    var requestedId = parseInt(pathSegments[pathSegments.length - 1]);\r",
							"    //Comprobem que te el camp id i que son iguals\r",
							"    pm.expect(jsonData).to.have.property(\"id\");\r",
							"    pm.expect(jsonData.id).to.eql(requestedId);\r",
							"});\r",
							"\r",
							"// 5. Verificació de la propietat HATEOAS\r",
							"pm.test(\"HATEOAS: El link existeix i es valid\", function () {\r",
							"    // Links ha d'existir i ha de ser un objecte\r",
							"    pm.expect(jsonData).to.have.property(\"links\");\r",
							"    pm.expect(jsonData.links).to.be.an(\"object\");\r",
							"    \r",
							"    // Ha d'existir la clau model \r",
							"    if (Object.keys(jsonData.links).length > 0) {\r",
							"        pm.expect(jsonData.links).to.have.property(\"model\");\r",
							"        \r",
							"        // Comprobem que el format del enllaç es correcte\r",
							"        var modelLink = jsonData.links.model;\r",
							"        pm.expect(modelLink).to.be.a(\"string\");\r",
							"        pm.expect(modelLink).to.include(\"/models/\");\r",
							"        \r",
							"    } \r",
							"});\r",
							""
						],
						"type": "text/javascript",
						"packages": {},
						"requests": {}
					}
				}
			],
			"request": {
				"auth": {
					"type": "basic",
					"basic": [
						{
							"key": "password",
							"value": "sob",
							"type": "string"
						},
						{
							"key": "username",
							"value": "sob",
							"type": "string"
						}
					]
				},
				"method": "GET",
				"header": [],
				"url": {
					"raw": "http://localhost:8080/Homework1/rest/api/v1/customer/1",
					"protocol": "http",
					"host": [
						"localhost"
					],
					"port": "8080",
					"path": [
						"Homework1",
						"rest",
						"api",
						"v1",
						"customer",
						"1"
					]
				}
			},
			"response": []
		},
		{
			"name": "GET clients",
			"event": [
				{
					"listen": "test",
					"script": {
						"exec": [
							"// 1. Verificació de codi\r",
							"pm.test(\"El codi d'estat es 200 OK\", function () {\r",
							"    pm.response.to.have.status(200);\r",
							"});\r",
							"\r",
							"// 2. Verificació de format:\r",
							"pm.test(\"La resposta es un Json valid\", function () {\r",
							"    pm.response.to.be.json;\r",
							"});\r",
							"\r",
							"// Parsea per analitzar\r",
							"var jsonData = pm.response.json();\r",
							"\r",
							"// 3. Commprobar que la contrasenya esta oculta\r",
							"pm.test(\"contrasenya oculta\", function () {\r",
							"    jsonData.forEach(function(client, index) {\r",
							"        pm.expect(client).to.not.have.property(\"contrasenya\");\r",
							"    });\r",
							"});\r",
							"\r",
							"// 4. Verificació de dades esperades\r",
							"if (jsonData.length > 0) {\r",
							"    pm.test(\"El objecte client té els camps esperats\", function () {\r",
							"        var firstClient = jsonData[0];\r",
							"        \r",
							"        // Verifiquem que els camps publics existeixen\r",
							"        pm.expect(firstClient).to.have.property(\"client_id\"); \r",
							"        pm.expect(firstClient).to.have.property(\"user\");      \r",
							"        pm.expect(firstClient).to.have.property(\"privilegis\");\r",
							"        \r",
							"        // Verifiquem que el seu tipus es correcte\r",
							"        pm.expect(firstClient.client_id).to.be.a(\"number\");\r",
							"        pm.expect(firstClient.user).to.be.a(\"string\");\r",
							"        pm.expect(firstClient.privilegis).to.be.a(\"boolean\");\r",
							"    });\r",
							"} \r",
							"\r",
							""
						],
						"type": "text/javascript",
						"packages": {},
						"requests": {}
					}
				}
			],
			"request": {
				"auth": {
					"type": "noauth"
				},
				"method": "GET",
				"header": [],
				"url": {
					"raw": "http://localhost:8080/Homework1/rest/api/v1/customer",
					"protocol": "http",
					"host": [
						"localhost"
					],
					"port": "8080",
					"path": [
						"Homework1",
						"rest",
						"api",
						"v1",
						"customer"
					]
				}
			},
			"response": []
		},
		{
			"name": "GET id models",
			"event": [
				{
					"listen": "test",
					"script": {
						"exec": [
							"// 1. Obtindre el ID de la URL\r",
							"var urlSegments = pm.request.url.path;\r",
							"var requestedId = parseInt(urlSegments[urlSegments.length - 1]);\r",
							"\r",
							"// 2.Comprobar el codi d'estat\r",
							"pm.test(\"El codi d'estat es 200 OK\", function () {\r",
							"    pm.response.to.have.status(200);\r",
							"});\r",
							"\r",
							"// 3. Comprobar que el ID demanat es el mateix que el retornat\r",
							"pm.test(\"Id demanat es el mateix que el id retornat\", function () {\r",
							"    // Parsear la respuesta JSON\r",
							"    var jsonData = pm.response.json();\r",
							"    \r",
							"    // Comprobar que la resposta te un camp model_id\r",
							"    pm.expect(jsonData).to.have.property('model_id');\r",
							"    \r",
							"    // Comparar els valors\r",
							"    pm.expect(jsonData.model_id).to.eql(requestedId);\r",
							"});\r",
							"\r",
							"// 4. Validar que no està buida i és un JSON\r",
							"pm.test(\"La resposta no esta buida\", function () {\r",
							"    pm.response.to.be.withBody;\r",
							"    pm.response.to.be.json;\r",
							"});"
						],
						"type": "text/javascript",
						"packages": {},
						"requests": {}
					}
				},
				{
					"listen": "prerequest",
					"script": {
						"exec": [
							""
						],
						"type": "text/javascript",
						"packages": {},
						"requests": {}
					}
				}
			],
			"request": {
				"auth": {
					"type": "basic",
					"basic": [
						{
							"key": "password",
							"value": "sob",
							"type": "string"
						},
						{
							"key": "username",
							"value": "sob",
							"type": "string"
						}
					]
				},
				"method": "GET",
				"header": [],
				"url": {
					"raw": "http://localhost:8080/Homework1/rest/api/v1/models/3",
					"protocol": "http",
					"host": [
						"localhost"
					],
					"port": "8080",
					"path": [
						"Homework1",
						"rest",
						"api",
						"v1",
						"models",
						"3"
					]
				}
			},
			"response": []
		},
		{
			"name": "GET models per capacitat i proveidor",
			"request": {
				"method": "GET",
				"header": []
			},
			"response": []
		},
		{
			"name": "POST model",
			"request": {
				"method": "POST",
				"header": []
			},
			"response": []
		},
		{
			"name": "DELETE models id",
			"request": {
				"method": "DELETE",
				"header": []
			},
			"response": []
		}
	]
}